0,0,0,0,0
36.650001,0.022007,32.054291,57.547133,89.165065
36.66,0.020784,32.058464,57.543673,89.140141
36.67,0.020981,32.06673,57.526854,89.09296
36.68,0.018148,32.072623,57.492201,89.03781
36.69,0.017209,32.073337,57.444043,88.972271
36.7,0.014855,32.061299,57.390632,88.887357
36.71,0.013439,32.036824,57.337369,88.790554
36.72,0.011292,32.0034,57.276781,88.686644
36.73,0.012067,31.954886,57.209682,88.580912
36.74,0.016094,31.894111,57.131018,88.476832
36.75,0.021114,31.823981,57.039239,88.371128
36.76,0.024047,31.75257,56.92905,88.263666
36.77,0.020451,31.681021,56.801877,88.157991
36.780001,0.021172,31.608289,56.667645,88.051371
36.790001,0.019894,31.541141,56.545251,87.945673
36.800001,0.024204,31.476508,56.445571,87.834099
36.810001,0.022833,31.414764,56.361937,87.711145
36.820001,0.023008,31.359482,56.295389,87.586835
36.830001,0.023155,31.320113,56.240723,87.4682
36.840001,0.025738,31.297831,56.205135,87.374089
36.850001,0.028594,31.293739,56.170177,87.297927
36.860001,0.02952,31.302022,56.135609,87.242953
36.870001,0.027874,31.318953,56.099166,87.197442
36.880001,0.022101,31.330507,56.067894,87.145541
36.890001,0.017244,31.330706,56.044878,87.081079
36.900001,0.011754,31.31638,56.028979,87.004564
36.91,0.011521,31.292858,56.015479,86.937493
36.92,0.008866,31.265532,55.993023,86.882533
36.93,0.009213,31.241739,55.966288,86.843057
36.94,0.008164,31.225773,55.932789,86.814623
36.95,0.010743,31.213108,55.893043,86.788795
36.96,0.008873,31.196687,55.851295,86.760785
36.97,0.004861,31.179692,55.812304,86.73323
36.98,0.002218,31.156721,55.776564,86.707265
36.99,0.004655,31.127863,55.740124,86.689087
37,0.008755,31.090498,55.703038,86.675137
37.01,0.012855,31.051781,55.681029,86.665815
37.02,0.013553,31.021232,55.672373,86.656138
37.030001,0.017786,31.004551,55.683415,86.627311
37.040001,0.021347,31.009231,55.708678,86.578276
37.050001,0.023346,31.036602,55.742558,86.497731
37.060001,0.023646,31.089595,55.769357,86.403335
37.070001,0.022301,31.147824,55.767298,86.305705
37.080001,0.025034,31.200465,55.734772,86.231006
37.090001,0.024431,31.216693,55.667728,86.182944
37.100001,0.025836,31.195223,55.584293,86.146375
37.110001,0.025056,31.125091,55.494385,86.098185
37.120001,0.025941,31.016829,55.416269,86.022953
37.130001,0.025096,30.892278,55.35043,85.912818
37.140001,0.025025,30.772776,55.286747,85.774736
37.150001,0.023806,30.678736,55.212421,85.623836
37.16,0.022207,30.621019,55.123042,85.502437
37.17,0.019735,30.605456,55.014682,85.426641
37.18,0.018491,30.619406,54.897493,85.389368
37.19,0.017957,30.641681,54.799016,85.365075
37.2,0.017497,30.651318,54.741709,85.334411
37.21,0.01477,30.638907,54.742673,85.290351
37.22,0.014838,30.601449,54.781112,85.236967
37.23,0.014073,30.556396,54.845453,85.186135
37.24,0.015371,30.527936,54.908507,85.149409
37.25,0.016223,30.532432,54.955748,85.130555
37.26,0.018994,30.574679,54.97628,85.125349
37.27,0.023462,30.649549,54.974682,85.118974
37.280001,0.02311,30.734532,54.960365,85.096561
37.290001,0.023473,30.812092,54.948001,85.045293
37.300001,0.023262,30.860659,54.938437,84.963264
37.310001,0.027266,30.870939,54.930743,84.855154
37.320001,0.026432,30.835651,54.901405,84.735495
37.330001,0.024074,30.756624,54.840374,84.607549
37.340001,0.019088,30.649835,54.738519,84.481891
37.350001,0.018367,30.52189,54.60017,84.356499
37.360001,0.017612,30.39769,54.433824,84.250766
37.370001,0.019208,30.290389,54.240924,84.163477
37.380001,0.018459,30.207369,54.056858,84.097029
37.390001,0.018738,30.137286,53.895919,84.033142
37.400001,0.018855,30.072418,53.780929,83.953972
37.41,0.017079,30.002901,53.699626,83.842654
37.42,0.015065,29.937013,53.641486,83.699086
37.43,0.011503,29.878074,53.593752,83.530828
37.44,0.012233,29.848737,53.540707,83.352179
37.45,0.011188,29.839739,53.476438,83.198136
37.46,0.011367,29.855782,53.395808,83.067539
37.47,0.013307,29.882622,53.313385,82.975228
37.48,0.016045,29.908524,53.242435,82.903085
37.49,0.015382,29.916272,53.196201,82.869619
37.5,0.012843,29.897659,53.175918,82.863132
37.51,0.011094,29.849498,53.182778,82.890724
37.52,0.013766,29.783448,53.203538,82.957469
37.530001,0.014598,29.709108,53.225782,83.059907
37.540001,0.01442,29.653026,53.240764,83.196335
37.550001,0.013939,29.621789,53.252695,83.362382
37.560001,0.015005,29.625467,53.272595,83.582126
37.570001,0.014482,29.667694,53.325965,83.86121
37.580001,0.011602,29.75468,53.447676,84.208719
37.590001,0.009443,29.878948,53.658808,84.605459
37.600001,0.00814,30.028654,53.972539,85.058292
37.610001,0.0061,30.205015,54.378392,85.548715
37.620001,0.003692,30.434204,54.8592,86.102495
37.630001,0.003559,30.710322,55.385703,86.701438
37.640001,0.003127,31.03737,55.92794,87.326826
37.650001,0.001268,31.386309,56.471079,87.931191
37.66,-0.001786,31.760186,56.992233,88.500068
37.67,-0.002395,32.125542,57.484567,89.045119
37.68,-0.002053,32.46422,57.934492,89.582291
37.69,0.000607,32.753337,58.34928,90.096009
37.7,0.003782,32.980049,58.721612,90.566651
37.71,0.006303,33.141656,59.059618,90.973971
37.72,0.006092,33.239536,59.334757,91.306083
37.73,0.005783,33.290774,59.541507,91.5544
37.74,0.006061,33.304857,59.655964,91.721057
37.75,0.010681,33.297806,59.678683,91.814969
37.76,0.010774,33.270299,59.614803,91.831554
37.77,0.011056,33.216001,59.471018,91.752827
37.780001,0.010964,33.130509,59.262841,91.539757
37.790001,0.012598,33.010464,59.002642,91.171466
37.800001,0.013975,32.853683,58.701021,90.63722
37.810001,0.016211,32.653368,58.346954,89.963115
37.820001,0.017362,32.424458,57.918394,89.171706
37.830001,0.02038,32.15871,57.398497,88.221569
37.840001,0.021018,31.872881,56.784404,86.998819
37.850001,0.023398,31.544768,56.057622,85.313242
37.860001,0.026591,31.18617,55.167186,82.9732
37.870001,0.025689,30.745794,54.009455,79.740034
37.880001,0.026996,30.193815,52.446619,75.392906
37.890001,0.024466,29.47136,50.316833,69.688952
37.900001,0.02398,28.50698,47.443393,62.651677
37.91,0.02022,27.164202,43.668796,54.538323
37.92,0.021907,25.326717,38.855574,45.788855
37.93,0.020522,22.851796,33.046092,36.788228
37.94,0.019179,19.610005,26.38257,27.78757
37.95,0.011927,15.542437,19.132352,18.932148
37.96,0.005785,10.652295,11.551996,10.313443
37.97,0.00212,5.130625,3.832171,1.983417
37.98,0.000389,-0.812079,-3.781166,-5.971124
37.99,-0.002213,-6.858558,-11.17528,-13.526931
38,-0.00498,-12.71511,-18.241673,-20.712742
38.01,-0.006315,-18.049122,-24.907196,-27.544096
38.02,-0.005611,-22.574098,-31.032891,-34.018935
38.030001,-0.008005,-26.125927,-36.419135,-40.072774
38.040001,-0.010572,-28.645997,-40.932867,-45.633458
38.050001,-0.013182,-30.17614,-44.418341,-50.611083
38.060001,-0.013652,-30.819873,-46.78879,-54.891209
38.070001,-0.015891,-30.760388,-48.004306,-58.310732
38.080001,-0.018066,-30.156665,-48.107937,-60.636023
38.090001,-0.020114,-29.133094,-47.203781,-61.586707
38.100001,-0.019879,-27.795016,-45.450208,-60.956709
38.110001,-0.01937,-26.223775,-43.001646,-58.60101
38.120001,-0.018793,-24.47027,-39.951395,-54.542166
38.130001,-0.01798,-22.533778,-36.35854,-48.90749
38.140001,-0.019101,-20.410977,-32.222972,-42.001854
38.150001,-0.016813,-18.071063,-27.536917,-34.14891
38.16,-0.016907,-15.46635,-22.275759,-25.680579
38.17,-0.013344,-12.527211,-16.520288,-16.905109
38.18,-0.011369,-9.225267,-10.41161,-8.086148
38.19,-0.011436,-5.550201,-4.090102,0.545623
38.2,-0.008585,-1.501249,2.303945,8.853018
38.21,-0.008074,2.86343,8.653207,16.684246
38.22,-0.000908,7.41733,14.824158,23.903188
38.23,0.00104,11.976003,20.724554,30.385724
38.24,0.003385,16.362277,26.260029,36.098448
38.25,0.00214,20.351626,31.339971,41.040975
38.26,0.00182,23.780756,35.861288,45.254877
38.27,0.00127,26.447715,39.685196,48.790858
38.280001,0.000627,28.29719,42.677018,51.713599
38.290001,0.001829,29.265462,44.704918,54.049806
38.300001,0.001011,29.433805,45.697962,55.759677
38.310001,0.001495,28.867113,45.620076,56.760897
38.320001,-0.001057,27.685695,44.504364,56.909787
38.330001,0.002804,25.99872,42.468526,56.052101
38.340001,0.003018,23.964581,39.63717,54.011116
38.350001,0.002034,21.699765,36.192099,50.681662
38.360001,-0.001964,19.284696,32.256354,46.040709
38.370001,-0.001856,16.767885,27.955051,40.18986
38.380001,-0.004575,14.200848,23.318125,33.331533
38.390001,-0.006112,11.583437,18.382648,25.748159
38.400001,-0.009805,8.888237,13.201779,17.733844
38.41,-0.010208,6.076591,7.858756,9.567801
38.42,-0.008993,3.095553,2.442481,1.440802
38.43,-0.011744,-0.081937,-2.960348,-6.463357
38.44,-0.010929,-3.475309,-8.258619,-13.941171
38.45,-0.013991,-7.016022,-13.376159,-20.792853
38.46,-0.015506,-10.603981,-18.29448,-26.829253
38.47,-0.01854,-14.083551,-22.977896,-31.98578
38.48,-0.020799,-17.334695,-27.342476,-36.213502
38.49,-0.025745,-20.200864,-31.227771,-39.535868
38.5,-0.025762,-22.603154,-34.45609,-42.003413
38.51,-0.026492,-24.399559,-36.897302,-43.723067
38.52,-0.022671,-25.568928,-38.424298,-44.794685
38.530001,-0.023635,-26.057145,-38.986168,-45.281965
38.540001,-0.024366,-25.848391,-38.558846,-45.18691
38.550001,-0.021002,-24.938369,-37.201233,-44.464894
38.560001,-0.020059,-23.358058,-35.010918,-43.030548
38.570001,-0.016834,-21.220585,-32.130748,-40.777659
38.580001,-0.019931,-18.617708,-28.703266,-37.655253
38.590001,-0.018641,-15.710777,-24.847232,-33.637308
38.600001,-0.021122,-12.633753,-20.63908,-28.735394
38.610001,-0.018264,-9.562963,-16.159658,-23.024283
38.620001,-0.013794,-6.608549,-11.495185,-16.655502
38.630001,-0.008927,-3.81502,-6.68154,-9.81636
38.640001,-0.008437,-1.172008,-1.748086,-2.675842
38.650001,-0.009473,1.353799,3.191574,4.582427
38.66,-0.009917,3.821922,7.991346,11.786133
38.67,-0.00652,6.306571,12.505553,18.725555
38.68,-0.005673,8.832454,16.713214,25.216203
38.69,-0.003537,11.406912,20.606427,31.025679
38.7,-0.003326,13.941865,24.171959,35.969486
38.71,-0.002184,16.387627,27.436806,39.886691
38.72,0.000091,18.628474,30.377113,42.714656
38.73,0.002555,20.563912,32.922662,44.474053
38.74,0.005011,22.07847,34.928683,45.290939
38.75,0.003317,23.110875,36.225387,45.32327
38.76,0.002572,23.612197,36.695538,44.735043
38.77,0.00062,23.54898,36.236925,43.655333
38.780001,-0.000408,22.861317,34.855095,42.154192
38.790001,-0.001752,21.57335,32.62034,40.251167
38.800001,-0.001711,19.694687,29.685824,37.899099
38.810001,-0.001562,17.313042,26.221588,35.032855
38.820001,-0.00343,14.51552,22.389302,31.53586
38.830001,-0.004391,11.451487,18.338881,27.387373
38.840001,-0.003277,8.266748,14.143117,22.565183
38.850001,-0.004181,5.126377,9.868154,17.156383
38.860001,-0.004699,2.14732,5.499351,11.250112
38.870001,-0.00821,-0.578769,1.105884,5.035967
38.880001,-0.009156,-3.031311,-3.263988,-1.334069
38.890001,-0.010711,-5.201279,-7.467898,-7.680527
38.900001,-0.010947,-7.169859,-11.45152,-13.887207
38.91,-0.011005,-8.982725,-15.120385,-19.767626
38.92,-0.009397,-10.704855,-18.455263,-25.15494
38.93,-0.008212,-12.382563,-21.404609,-29.825333
38.94,-0.005114,-14.012776,-23.971233,-33.613449
38.95,-0.00292,-15.55212,-26.144879,-36.389504
38.96,-0.000692,-16.929712,-27.909382,-38.101046
38.97,0.000651,-18.093779,-29.217671,-38.743594
38.98,-0.001756,-18.978893,-29.993709,-38.411152
38.99,-0.001114,-19.477523,-30.159385,-37.251103
39,-0.002832,-19.528163,-29.64968,-35.42229
39.01,0.000038,-19.052241,-28.426205,-33.072075
39.02,-0.004787,-18.028995,-26.484846,-30.305352
39.030001,-0.00538,-16.448277,-23.872702,-27.202594
39.040001,-0.005295,-14.382418,-20.686119,-23.814581
39.050001,-0.00134,-11.873158,-17.053857,-20.158364
39.060001,0.000381,-9.025566,-13.090179,-16.243119
39.070001,-0.000503,-5.944169,-8.921372,-12.05767
39.080001,0.000267,-2.776969,-4.648079,-7.579875
39.090001,0.002731,0.330974,-0.347052,-2.817192
39.100001,0.004885,3.240745,3.867233,2.188318
39.110001,0.007558,5.889026,7.908797,7.353052
39.120001,0.007169,8.228893,11.690491,12.592541
39.130001,0.006234,10.24592,15.170059,17.815072
39.140001,0.005131,11.925185,18.272217,22.887467
39.150001,0.005049,13.295183,20.952711,27.664325
39.16,0.004815,14.403205,23.211023,31.951512
39.17,0.002514,15.262508,25.078389,35.560262
39.18,0.002575,15.920276,26.587792,38.29191
39.19,0.002698,16.430497,27.763359,40.025156
39.2,0.005052,16.818297,28.586958,40.682064
39.21,0.004283,17.093312,28.986471,40.292587
39.22,0.002015,17.238044,28.861805,38.959532
39.23,0.001312,17.234977,28.14006,36.84994
39.24,-0.00118,16.982823,26.785486,34.137386
39.25,-0.003182,16.396672,24.810864,30.957934
39.26,-0.006328,15.362088,22.280077,27.466056
39.27,-0.007659,13.830104,19.290973,23.751949
39.280001,-0.005377,11.782972,15.972457,19.898977
39.290001,-0.005824,9.252567,12.442128,15.945429
39.300001,-0.00531,6.36626,8.772151,11.9115
39.310001,-0.003915,3.228394,4.974985,7.768516
39.320001,-0.004287,0.044984,1.11836,3.536712
39.330001,-0.003154,-3.010046,-2.733846,-0.747616
39.340001,-0.005818,-5.769373,-6.478682,-5.015544
39.350001,-0.006779,-8.120746,-10.09021,-9.281898
39.360001,-0.009174,-10.035092,-13.454606,-13.497641
39.370001,-0.011853,-11.515085,-16.46811,-17.605488
39.380001,-0.017241,-12.607873,-19.028692,-21.520618
39.390001,-0.01952,-13.379402,-21.067137,-25.16455
39.400001,-0.022155,-13.907305,-22.549488,-28.378248
39.41,-0.019036,-14.239838,-23.471109,-30.975112
39.42,-0.017072,-14.413781,-23.909985,-32.780638
39.43,-0.0136,-14.442491,-23.950954,-33.676758
39.44,-0.01342,-14.348078,-23.669067,-33.570295
39.45,-0.015274,-14.090051,-23.097533,-32.433056
39.46,-0.019137,-13.631657,-22.207482,-30.335201
39.47,-0.01794,-12.995456,-20.952259,-27.426296
39.48,-0.017463,-12.205438,-19.278372,-23.909326
39.49,-0.012614,-11.209367,-17.153735,-19.962901
39.5,-0.012319,-9.964034,-14.573034,-15.78437
39.51,-0.010766,-8.441175,-11.592899,-11.515407
39.52,-0.013644,-6.635006,-8.301409,-7.24351
39.530001,-0.01023,-4.524564,-4.797202,-3.014497
39.540001,-0.009911,-2.094786,-1.160194,1.124446
39.550001,-0.006012,0.539545,2.473287,5.1216
39.560001,-0.008733,3.269096,6.034473,8.968113
39.570001,-0.008042,5.992686,9.429754,12.646596
39.580001,-0.006822,8.563667,12.638224,16.152483
39.590001,-0.003214,10.847968,15.571093,19.439809
39.600001,-0.000672,12.707218,18.197316,22.500207
39.610001,0.002456,14.120962,20.473071,25.292997
39.620001,0.002249,15.074641,22.365715,27.808554
39.630001,0.003872,15.581022,23.790129,29.99483
39.640001,0.002614,15.704627,24.709086,31.797285
39.650001,0.001642,15.518684,25.084102,33.125142
39.66,0.00042,15.124061,24.956173,33.876608
39.67,-0.002291,14.564271,24.331963,33.950906
39.68,-0.001047,13.897766,23.280109,33.25172
39.69,-0.002763,13.111188,21.869726,31.751876
39.7,-0.003762,12.211801,20.173136,29.437302
39.71,-0.004471,11.217873,18.22452,26.408304
39.72,-0.004662,10.09214,16.043781,22.791923
39.73,-0.003758,8.833367,13.614839,18.780997
39.74,-0.007143,7.37613,10.973652,14.533707
39.75,-0.004924,5.762473,8.122288,10.167615
39.76,-0.00456,3.960605,5.140803,5.764748
39.77,-0.00112,1.995022,2.039203,1.421323
39.780001,-0.003561,-0.116947,-1.07278,-2.741814
39.790001,-0.00636,-2.2999,-4.180652,-6.645326
39.800001,-0.011079,-4.466675,-7.193973,-10.23473
39.810001,-0.014001,-6.536094,-10.115033,-13.48003
39.820001,-0.016214,-8.46184,-12.847104,-16.338266
39.830001,-0.015507,-10.170521,-15.345983,-18.837607
39.840001,-0.015123,-11.618159,-17.509366,-20.964304
39.850001,-0.008962,-12.749701,-19.265279,-22.731866
39.860001,-0.007491,-13.557207,-20.540263,-24.123195
39.870001,-0.005493,-14.019813,-21.294219,-25.152941
39.880001,-0.010769,-14.111013,-21.527626,-25.800246
39.890001,-0.012836,-13.849508,-21.228783,-25.997581
39.900001,-0.012253,-13.253752,-20.450776,-25.706841
39.91,-0.009422,-12.398464,-19.249152,-24.861741
39.92,-0.005777,-11.281221,-17.712047,-23.459094
39.93,-0.007739,-9.982084,-15.899059,-21.468461
39.94,-0.008059,-8.535321,-13.83013,-18.912027
39.95,-0.009132,-7.030442,-11.563435,-15.850853
39.96,-0.009746,-5.484258,-9.105027,-12.370229
39.97,-0.009003,-3.937124,-6.492343,-8.576936
39.98,-0.006108,-2.385277,-3.740925,-4.564548
39.99,-0.003693,-0.838253,-0.887225,-0.449194
40,-0.002273,0.741763,1.991123,3.679028
40.01,-0.003197,2.34373,4.810334,7.717517
40.02,-0.002082,3.972563,7.494649,11.581145
40.030001,0.000559,5.627629,9.997711,15.18615
40.040001,-0.000756,7.261771,12.329888,18.462535
40.050001,0.00082,8.833361,14.462573,21.337453
40.060001,-0.001935,10.262839,16.373699,23.734842
40.070001,0.000644,11.502197,18.04328,25.5951
40.080001,0.000733,12.50203,19.438424,26.912107
40.090001,0.001018,13.214987,20.527706,27.701474
40.100001,0.002505,13.656327,21.245836,28.0238
40.110001,0.004706,13.792028,21.528636,27.923286
40.120001,0.006283,13.654204,21.342952,27.451969
40.130001,0.006346,13.227283,20.667543,26.648809
40.140001,0.002932,12.563288,19.520988,25.513562
40.150001,0.001886,11.615064,17.956371,24.037973
40.16,0.000424,10.427843,16.049333,22.19565
40.17,0.003642,9.008399,13.880379,19.984397
40.18,0.006634,7.419468,11.536517,17.39879
40.19,0.009208,5.691268,9.064686,14.469174
40.2,0.007321,3.89001,6.552875,11.248739
40.21,0.003605,2.088386,3.982089,7.800539
40.22,0.002405,0.329813,1.394998,4.202988
40.23,0.000212,-1.325358,-1.173051,0.503198
40.24,-0.000955,-2.839233,-3.681566,-3.196796
40.25,-0.004122,-4.191606,-6.063423,-6.813766
40.26,-0.004426,-5.404447,-8.30163,-10.246681
40.27,-0.00322,-6.497516,-10.345039,-13.41652
40.280001,-0.002884,-7.469829,-12.182574,-16.239895
40.290001,-0.002158,-8.341923,-13.782796,-18.62567
40.300001,-0.002424,-9.118841,-15.113596,-20.503678
40.310001,-0.004691,-9.798052,-16.150695,-21.822893
40.320001,-0.008641,-10.357188,-16.890205,-22.554464
40.330001,-0.007285,-10.787029,-17.297214,-22.705631
40.340001,-0.00485,-11.041679,-17.367447,-22.317142
40.350001,-0.000338,-11.074435,-17.079732,-21.435534
40.360001,-0.001945,-10.8405,-16.427374,-20.126718
40.370001,-0.001633,-10.332735,-15.410416,-18.44661
40.380001,-0.003124,-9.524181,-14.042325,-16.481493
40.390001,-0.004391,-8.440255,-12.350296,-14.288431
40.400001,-0.005852,-7.100601,-10.371739,-11.922321
40.41,-0.004057,-5.578053,-8.143745,-9.407549
40.42,-0.003747,-3.91286,-5.731295,-6.764791
40.43,-0.002364,-2.137398,-3.188833,-4.002553
40.44,-0.004442,-0.341807,-0.56463,-1.143514
40.45,-0.00584,1.442568,2.046704,1.785283
40.46,-0.007567,3.120042,4.581619,4.762596
40.47,-0.007876,4.669467,6.948857,7.765515
40.48,-0.00475,6.078206,9.113029,10.760148
40.49,-0.004828,7.291296,11.055766,13.688892
40.5,-0.003173,8.31347,12.739772,16.485267
40.51,-0.003778,9.099663,14.16284,19.059207
40.52,-0.004336,9.707887,15.304102,21.323713
40.530001,-0.004919,10.111106,16.179586,23.176669
40.540001,-0.006235,10.337781,16.822186,24.53382
40.550001,-0.006114,10.406708,17.2402,25.325366
40.560001,-0.006471,10.380998,17.419185,25.517204
40.570001,-0.006165,10.280381,17.337029,25.117469
40.580001,-0.006374,10.087405,16.958456,24.15591
40.590001,-0.005791,9.827509,16.265813,22.710322
40.600001,-0.006195,9.451494,15.23643,20.869323
40.610001,-0.00446,8.95044,13.874543,18.712848
40.620001,-0.006328,8.25052,12.226947,16.32289
40.630001,-0.004348,7.310389,10.358234,13.763011
40.640001,-0.005014,6.130322,8.338452,11.100905
40.650001,-0.004644,4.692628,6.222045,8.368201
40.66,-0.005449,3.075198,4.033411,5.598401
40.67,-0.007846,1.309792,1.801566,2.827685
40.68,-0.009306,-0.504377,-0.430983,0.086546
40.69,-0.009012,-2.249219,-2.644243,-2.578961
40.7,-0.00483,-3.856342,-4.806359,-5.145269
40.71,0.000573,-5.223855,-6.891248,-7.570075
40.72,-0.000388,-6.366899,-8.834732,-9.846676
40.73,-0.001723,-7.239919,-10.579056,-11.948891
40.74,-0.002724,-7.900238,-12.069008,-13.854517
40.75,-0.002376,-8.365873,-13.233133,-15.535565
40.76,-0.003544,-8.692065,-14.022299,-16.957188
40.77,-0.006736,-8.890744,-14.422916,-18.066566
40.780001,-0.008546,-8.964118,-14.466627,-18.783016
40.790001,-0.008465,-8.894068,-14.215399,-19.038811
40.800001,-0.008559,-8.680849,-13.719557,-18.790245
40.810001,-0.007215,-8.295747,-13.02132,-18.009249
40.820001,-0.003904,-7.756496,-12.144692,-16.71572
40.830001,-0.001855,-7.053464,-11.11839,-14.950895
40.840001,0.000061,-6.254339,-9.928396,-12.801676
40.850001,-0.000734,-5.354217,-8.547039,-10.362143
40.860001,-0.000522,-4.381635,-6.926135,-7.730812
40.870001,0.000361,-3.346604,-5.078649,-5.004257
40.880001,-0.002791,-2.247087,-3.05029,-2.24682
40.890001,-0.002561,-1.092978,-0.910777,0.487022
40.900001,-0.001751,0.154456,1.288609,3.161674
40.91,0.004646,1.476874,3.447034,5.748506
40.92,0.006299,2.870149,5.504727,8.211338
40.93,0.006892,4.278401,7.396866,10.526329
40.94,0.006716,5.656964,9.125337,12.666326
40.95,0.005718,6.927298,10.663989,14.610052
40.96,0.005933,8.021773,12.007079,16.332819
40.97,0.005187,8.882866,13.167905,17.800966
40.98,0.007457,9.462626,14.124006,18.979217
40.99,0.008423,9.776423,14.847123,19.858768
41,0.009324,9.826903,15.296756,20.432253
41.01,0.009063,9.693706,15.447462,20.70306
41.02,0.004695,9.382832,15.276555,20.662656
41.030001,0.002089,8.951281,14.767428,20.293667
41.040001,0.003226,8.423608,13.936402,19.591143
41.050001,0.006476,7.835284,12.818645,18.529222
41.060001,0.009422,7.146413,11.489086,17.112883
41.070001,0.008224,6.348345,10.008979,15.349094
41.080001,0.00526,5.442293,8.432235,13.275892
41.090001,0.005032,4.465702,6.79112,10.936785
41.100001,0.005075,3.386694,5.131058,8.394791
41.110001,0.006036,2.242011,3.435887,5.711277
41.120001,0.00205,1.044427,1.716227,2.973551
41.130001,-0.002237,-0.153355,-0.031,0.238847
41.140001,-0.003379,-1.307881,-1.761856,-2.407785
41.150001,-0.001724,-2.386875,-3.481658,-4.900098
41.16,0.002968,-3.37258,-5.186043,-7.167196
41.17,0.004834,-4.287444,-6.818938,-9.169585
41.18,0.007278,-5.123719,-8.318782,-10.891316
41.19,0.005902,-5.876702,-9.622864,-12.319598
41.2,0.00527,-6.54777,-10.695656,-13.449551
41.21,0.000631,-7.137837,-11.505949,-14.280994
41.22,-0.003883,-7.624627,-12.022613,-14.809167
41.23,-0.007462,-7.971754,-12.248057,-15.037656
41.24,-0.010224,-8.129349,-12.184212,-14.959952
41.25,-0.010723,-8.041631,-11.855126,-14.581796
41.26,-0.011649,-7.715157,-11.300772,-13.904858
41.27,-0.010693,-7.145125,-10.540557,-12.952879
41.280001,-0.012876,-6.380132,-9.586469,-11.734374
41.290001,-0.012648,-5.453999,-8.427747,-10.28981
41.300001,-0.012345,-4.412426,-7.071049,-8.628902
41.310001,-0.010502,-3.337328,-5.527341,-6.790287
41.320001,-0.012391,-2.231712,-3.838178,-4.799459
41.330001,-0.013986,-1.156775,-2.043965,-2.677019
41.340001,-0.013633,-0.090083,-0.195348,-0.466969
41.350001,-0.013633,0.947823,1.668222,1.815932
41.360001,-0.012256,1.956983,3.442524,4.130659
41.370001,-0.01357,2.940674,5.072167,6.448234
41.380001,-0.010139,3.888181,6.527305,8.718398
41.390001,-0.00815,4.794581,7.828383,10.883935
41.400001,-0.003753,5.621159,8.966305,12.890487
41.41,-0.003238,6.343794,9.953435,14.659216
41.42,-0.000875,6.924445,10.801537,16.133236
41.43,-0.00016,7.341999,11.534227,17.271922
41.44,0.002678,7.599222,12.120047,18.042734
41.45,-0.000015,7.716213,12.552744,18.434443
41.46,0.00038,7.726305,12.778693,18.44581
41.47,-0.00128,7.648567,12.763199,18.11274
41.48,0.000038,7.507282,12.469806,17.465479
41.49,-0.002172,7.288582,11.892022,16.538689
41.5,-0.003344,6.962975,11.068141,15.377287
41.51,-0.002566,6.496132,10.013842,14.0049
41.52,-0.003099,5.890944,8.782993,12.469177
41.530001,-0.001582,5.138817,7.404997,10.775536
41.540001,-0.001209,4.229934,5.955127,8.952838
41.550001,-0.00008,3.17102,4.468222,7.012496
41.560001,-0.001996,1.987504,2.958142,4.993415
41.570001,-0.004735,0.76182,1.429603,2.936125
41.580001,-0.006211,-0.45395,-0.109327,0.869681
41.590001,-0.005336,-1.567006,-1.629069,-1.172935
41.600001,-0.006633,-2.555284,-3.130256,-3.148822
41.610001,-0.004456,-3.378791,-4.578126,-5.019465
41.620001,-0.005635,-4.072975,-5.938864,-6.756514
41.630001,-0.006653,-4.639694,-7.152834,-8.335584
41.640001,-0.013911,-5.095449,-8.175576,-9.733836
41.650001,-0.018309,-5.46527,-8.972436,-10.918674
41.66,-0.021353,-5.770301,-9.516857,-11.86641
41.67,-0.021363,-6.011346,-9.812952,-12.539758
41.68,-0.020083,-6.166466,-9.874587,-12.90675
41.69,-0.020934,-6.215237,-9.741672,-12.942404
41.7,-0.020606,-6.153011,-9.44924,-12.625913
41.71,-0.019841,-5.936233,-9.015721,-11.955212
41.72,-0.017659,-5.57608,-8.452343,-10.961394
41.73,-0.015834,-5.058964,-7.75019,-9.692125
41.74,-0.017009,-4.430496,-6.885307,-8.201078
41.75,-0.020265,-3.706718,-5.837223,-6.547044
41.76,-0.02136,-2.932456,-4.598578,-4.79316
41.77,-0.023781,-2.12329,-3.206263,-2.981259
41.780001,-0.022166,-1.261002,-1.687895,-1.140388
41.790001,-0.025624,-0.36167,-0.104784,0.706971
41.800001,-0.024896,0.571169,1.497035,2.543033
41.810001,-0.024908,1.526135,3.035552,4.356454
41.820001,-0.020657,2.50029,4.462564,6.133908
41.830001,-0.019498,3.458876,5.753783,7.845925
41.840001,-0.018916,4.354365,6.911744,9.457069
41.850001,-0.015574,5.150735,7.943167,10.937866
41.860001,-0.010256,5.825337,8.83013,12.259349
41.870001,-0.004665,6.339141,9.581818,13.396126
41.880001,-0.002719,6.674192,10.17953,14.313149
41.890001,-0.001455,6.825852,10.633995,14.98153
41.900001,-0.003686,6.816206,10.902333,15.388488
41.91,-0.005985,6.682542,10.994319,15.527153
41.92,-0.008503,6.452963,10.850806,15.401171
41.93,-0.009476,6.174402,10.497316,15.004957
41.94,-0.008905,5.860144,9.913325,14.346223
41.95,-0.009823,5.511521,9.148114,13.427696
41.96,-0.010614,5.108656,8.212238,12.267428
41.97,-0.013507,4.627497,7.159597,10.887978
41.98,-0.015765,4.055919,6.036637,9.321743
41.99,-0.01547,3.36793,4.872321,7.598448
42,-0.016798,2.56635,3.685062,5.766929
42.01,-0.015407,1.680345,2.458873,3.866633
42.02,-0.014628,0.760585,1.223518,1.951829
42.030001,-0.01012,-0.152365,-0.036357,0.068891
42.040001,-0.007937,-1.026212,-1.281941,-1.742828
42.050001,-0.003167,-1.827981,-2.521534,-3.428376
42.060001,0.000884,-2.542028,-3.737357,-4.960983
42.070001,0.005443,-3.172443,-4.908092,-6.308117
42.080001,0.008965,-3.724318,-5.9878,-7.468703
42.090001,0.010922,-4.221536,-6.907257,-8.432862
42.100001,0.008502,-4.662097,-7.631651,-9.194935
42.110001,0.00036,-5.046987,-8.125989,-9.758553
42.120001,-0.006182,-5.336255,-8.394007,-10.123464
42.130001,-0.008871,-5.516898,-8.443516,-10.278793
42.140001,-0.006746,-5.564667,-8.306514,-10.211391
42.150001,-0.003681,-5.473081,-8.004009,-9.909236
42.16,-0.002342,-5.195745,-7.556769,-9.380289
42.17,-0.000679,-4.74968,-6.972675,-8.629377
42.18,-0.000544,-4.149429,-6.26091,-7.672696
42.19,-0.002457,-3.458318,-5.412784,-6.531837
42.2,-0.003844,-2.714345,-4.431317,-5.24197
42.21,-0.005245,-1.956525,-3.313441,-3.835079
42.22,-0.003861,-1.201664,-2.089759,-2.331573
42.23,-0.005117,-0.46576,-0.789935,-0.761957
42.24,-0.006625,0.254153,0.549914,0.864054
42.25,-0.011328,0.954029,1.883751,2.519557
42.26,-0.011584,1.653223,3.139377,4.189773
42.27,-0.012189,2.350074,4.274618,5.839251
42.280001,-0.002785,3.036592,5.265703,7.437997
42.290001,-0.000323,3.698325,6.139804,8.940495
42.300001,0.001268,4.30507,6.900269,10.293957
42.310001,-0.000162,4.817589,7.566759,11.452139
42.320001,0.001807,5.209483,8.140215,12.38544
42.330001,0.004959,5.478661,8.62854,13.070041
42.340001,0.006427,5.632823,9.019591,13.48999
42.350001,0.004057,5.677967,9.291854,13.64218
42.360001,0.001649,5.619069,9.402198,13.535487
42.370001,-0.000626,5.496547,9.316075,13.200364
42.380001,0.000512,5.325532,9.015838,12.664405
42.390001,0.000966,5.126019,8.502848,11.955026
42.400001,0.001515,4.855669,7.800283,11.094912
42.41,0.001152,4.506436,6.940226,10.084578
42.42,0.002666,4.041379,5.981248,8.943027
42.43,0.000886,3.465011,4.961011,7.670387
42.44,0.002558,2.761696,3.915926,6.29524
42.45,0.001183,1.957243,2.848314,4.831596
42.46,-0.000014,1.08482,1.771885,3.307065
42.47,-0.000811,0.209432,0.69157,1.756863
42.48,-0.001113,-0.626212,-0.376212,0.211436
42.49,0.001553,-1.360277,-1.437615,-1.293058
42.5,0.001406,-1.976203,-2.471126,-2.732107
42.51,0.002203,-2.480305,-3.475977,-4.068885
42.52,0.00408,-2.879373,-4.409596,-5.275834
42.530001,0.007742,-3.224183,-5.23953,-6.341453
42.540001,0.01056,-3.510262,-5.913749,-7.241955
42.550001,0.012875,-3.767793,-6.421804,-7.961648
42.560001,0.010304,-4.000794,-6.742647,-8.467242
42.570001,0.009516,-4.203802,-6.888818,-8.760083
42.580001,0.010202,-4.357724,-6.860855,-8.828444
42.590001,0.012832,-4.411629,-6.690951,-8.656694
42.600001,0.013995,-4.333089,-6.41027,-8.242471
42.610001,0.009694,-4.12436,-6.026673,-7.597241
42.620001,0.008479,-3.771414,-5.545327,-6.760385
42.630001,0.00629,-3.320789,-4.947432,-5.764886
42.640001,0.008774,-2.773795,-4.226911,-4.650789
42.650001,0.008234,-2.178426,-3.38489,-3.450191
42.66,0.010138,-1.536019,-2.421887,-2.186636
42.67,0.008908,-0.871593,-1.354515,-0.893339
42.68,0.008427,-0.200238,-0.218798,0.424442
42.69,0.008045,0.460902,0.964308,1.74977
42.7,0.009984,1.109182,2.128223,3.084683
42.71,0.012139,1.752426,3.226121,4.408384
42.72,0.010095,2.396242,4.192155,5.708098
42.73,0.010555,3.019198,5.030068,6.960609
42.74,0.008701,3.602744,5.750675,8.132928
42.75,0.008687,4.099638,6.377207,9.191594
42.76,0.005727,4.495757,6.913435,10.104922
42.77,0.003839,4.767451,7.3553,10.846896
42.780001,0.005176,4.921276,7.694146,11.389731
42.790001,0.00626,4.956935,7.924299,11.731139
42.800001,0.006884,4.889355,8.037478,11.857363
42.810001,0.005112,4.751292,8.011465,11.781215
42.820001,0.004319,4.566989,7.833722,11.487918
42.830001,0.002441,4.364629,7.484896,10.998875
42.840001,-0.000079,4.131202,6.978746,10.331421
42.850001,-0.000119,3.865251,6.335173,9.502122
42.860001,0.003465,3.538147,5.592162,8.52644
42.870001,0.008439,3.157093,4.779246,7.415265
42.880001,0.008977,2.678302,3.915257,6.193623
42.890001,0.007132,2.114422,3.032968,4.884882
42.900001,0.008379,1.472503,2.130416,3.518868
42.91,0.00785,0.791711,1.223901,2.126978
42.92,0.007896,0.102698,0.314768,0.74995
42.93,0.006397,-0.568645,-0.57205,-0.582153
42.94,0.005576,-1.173172,-1.453623,-1.840783
42.95,0.006652,-1.711007,-2.327563,-2.998506
42.96,0.006913,-2.154094,-3.181784,-4.029933
42.97,0.009339,-2.540569,-3.97386,-4.912671
42.98,0.010642,-2.858257,-4.669398,-5.651071
42.99,0.011129,-3.142166,-5.227674,-6.248149
43,0.010153,-3.387489,-5.625014,-6.697695
43.01,0.010768,-3.597528,-5.849959,-6.989317
43.02,0.01211,-3.753389,-5.902917,-7.119983
43.030001,0.011499,-3.826251,-5.805737,-7.081069
43.040001,0.010853,-3.794935,-5.576769,-6.871273
43.050001,0.006372,-3.637357,-5.249347,-6.479816
43.060001,0.004262,-3.359717,-4.821405,-5.922723
43.070001,0.002058,-2.952744,-4.310005,-5.211036
43.080001,0.003416,-2.462576,-3.712054,-4.368608
43.090001,0.003948,-1.915538,-3.027767,-3.414035
43.100001,0.003613,-1.344523,-2.251497,-2.364285
43.110001,0.002567,-0.766315,-1.387042,-1.251915
43.120001,0.006542,-0.196539,-0.453598,-0.088972
43.130001,0.010024,0.33496,0.526674,1.096273
43.140001,0.012448,0.841092,1.522536,2.306302
43.150001,0.008914,1.336387,2.475686,3.517409
43.16,0.008168,1.826999,3.345278,4.724075
43.17,0.008878,2.318902,4.100247,5.885124
43.18,0.012192,2.790836,4.748077,6.988415
43.19,0.009239,3.232528,5.294586,7.977357
43.2,0.006757,3.609503,5.763378,8.839539
43.21,0.002251,3.924064,6.155089,9.529398
43.22,0.001933,4.143419,6.485607,10.040403
43.23,-0.000068,4.265644,6.737494,10.354707
43.24,0.000703,4.291461,6.90998,10.469948
43.25,-0.001925,4.244915,6.975272,10.39994
43.26,-0.005982,4.132685,6.911547,10.155542
43.27,-0.009764,3.972618,6.699018,9.753641
43.280001,-0.009894,3.778547,6.337905,9.209471
43.290001,-0.005653,3.555377,5.841877,8.546535
43.300001,-0.005337,3.27219,5.234772,7.771026
43.310001,-0.004421,2.934488,4.535034,6.895033
43.320001,-0.004619,2.516975,3.775401,5.917174
43.330001,-0.002502,2.029749,2.982601,4.864161
43.340001,-0.001076,1.468278,2.176137,3.752237
43.350001,-0.002117,0.870214,1.367719,2.604885
43.360001,-0.002184,0.271463,0.565562,1.44462
43.370001,-0.003642,-0.32017,-0.219607,0.297146
43.380001,-0.001719,-0.872375,-0.988548,-0.815274
43.390001,-0.000516,-1.352842,-1.729278,-1.868725
43.400001,0.002121,-1.757423,-2.437143,-2.846143
43.41,0.004723,-2.076327,-3.08791,-3.715707
43.42,0.006813,-2.333695,-3.672932,-4.468617
43.43,0.005709,-2.541542,-4.161478,-5.080998
43.44,0.004158,-2.719419,-4.538754,-5.560958
43.45,0.004624,-2.881275,-4.777827,-5.883265
43.46,0.007096,-3.000198,-4.876926,-6.052213
43.47,0.007689,-3.073597,-4.848288,-6.05623
43.48,0.006617,-3.084617,-4.704361,-5.891908
43.49,0.004127,-3.015675,-4.46381,-5.567663
43.5,0.001382,-2.846466,-4.129941,-5.081511
43.51,-0.000253,-2.588226,-3.724037,-4.458805
43.52,-0.001609,-2.235265,-3.242502,-3.711671
43.530001,-0.002634,-1.830382,-2.682187,-2.865607
43.540001,-0.00185,-1.357251,-2.040161,-1.950483
43.550001,0.00004,-0.856087,-1.326269,-0.982993
43.560001,0.005864,-0.348196,-0.551912,0.015314
43.570001,0.005626,0.148855,0.270548,1.033194
43.580001,0.007219,0.632231,1.132446,2.057184
43.590001,0.004141,1.10677,1.98097,3.078124
43.600001,0.001467,1.567975,2.784652,4.087807
43.610001,0.0036,2.002089,3.497283,5.065091
43.620001,0.00152,2.422519,4.124609,5.990642
43.630001,0.002302,2.801473,4.652962,6.841179
43.640001,-0.002047,3.143063,5.098513,7.592749
43.650001,-0.001862,3.414522,5.459583,8.224878
43.66,-0.000213,3.616505,5.755866,8.70941
43.67,0.000411,3.736312,5.974711,9.04066
43.68,0.002431,3.782992,6.111091,9.213704
43.69,0.001821,3.757557,6.151231,9.221112
43.7,0.003667,3.675335,6.091359,9.073628
43.71,0.003418,3.542368,5.917509,8.770117
43.72,0.005868,3.364321,5.630308,8.340102
43.73,0.003317,3.139985,5.235253,7.784273
43.74,0.000026,2.886068,4.7443,7.122569
43.75,-0.002322,2.585864,4.171229,6.360766
43.76,-0.002651,2.241076,3.532048,5.515309
43.77,-0.002478,1.835194,2.849694,4.591442
43.781001,-0.001677,1.409843,2.154908,3.654688
43.790001,-0.000399,0.952745,1.451251,2.679512
43.800001,0.003,0.471057,0.754011,1.694367
43.810001,0.003751,-0.030154,0.05777,0.67916
43.820001,0.003407,-0.509833,-0.619343,-0.306942
43.830001,0.003503,-0.953441,-1.265823,-1.247773
43.840001,0.000021,-1.33677,-1.878764,-2.122084
43.850001,0.001149,-1.666412,-2.437671,-2.910056
43.860001,0.000679,-1.927568,-2.945988,-3.588572
43.870001,0.001779,-2.146661,-3.378214,-4.154938
43.880001,0.001357,-2.315946,-3.73087,-4.587317
43.890001,0.003876,-2.441794,-3.978741,-4.887644
43.900001,0.005924,-2.529589,-4.11567,-5.045347
43.91,0.003441,-2.584737,-4.140082,-5.068465
43.92,-0.002871,-2.59264,-4.052491,-4.947307
43.93,-0.006379,-2.540123,-3.860012,-4.691853
43.94,-0.004446,-2.427002,-3.584827,-4.306303
43.95,-0.001895,-2.234154,-3.221594,-3.803414
43.96,-0.000165,-1.965358,-2.79946,-3.19081
43.97,-0.000997,-1.619617,-2.306205,-2.488775
43.98,0.000201,-1.218692,-1.758164,-1.707026
43.99,0.000384,-0.766983,-1.148308,-0.87923
44,-0.001063,-0.309306,-0.486927,-0.009615
44.01,-0.001828,0.149295,0.210399,0.881764
44.02,-0.003495,0.584096,0.932262,1.791348
44.030001,-0.004278,1.005061,1.659603,2.699728
44.040001,-0.006339,1.398979,2.356787,3.600465
44.050001,-0.00454,1.760127,3.002674,4.481426
44.060001,-0.00491,2.098722,3.57836,5.321212
44.070001,-0.005476,2.414572,4.078751,6.091422
44.080001,-0.009296,2.688711,4.49748,6.771743
44.090001,-0.009735,2.92108,4.834867,7.347017
44.100001,-0.005882,3.09581,5.102059,7.795664
44.110001,-0.004038,3.229827,5.294859,8.102854
44.120001,-0.003052,3.309516,5.415171,8.260106
44.130001,-0.007045,3.331904,5.45303,8.270643
44.140001,-0.006536,3.293203,5.406669,8.138461
44.150001,-0.006784,3.196285,5.266444,7.870825
44.16,-0.008718,3.049705,5.041714,7.476076
44.17,-0.011238,2.868076,4.720441,6.975861
44.18,-0.012026,2.636421,4.318792,6.383914
44.19,-0.009219,2.362872,3.829681,5.7163
44.2,-0.003694,2.036132,3.27988,4.983075
44.21,-0.001874,1.682183,2.67474,4.200664
44.22,0.000402,1.282582,2.025745,3.377452
44.23,-0.002965,0.868114,1.360791,2.522653
44.24,-0.002153,0.427203,0.692671,1.654324
44.25,-0.001689,-0.002532,0.053394,0.797387
44.26,-0.00046,-0.43056,-0.562911,-0.038912
44.27,0.000226,-0.821298,-1.134161,-0.844634
44.280001,-0.003092,-1.178839,-1.653244,-1.612715
44.290001,-0.00182,-1.470018,-2.125082,-2.31578
44.300001,-0.003895,-1.709522,-2.527251,-2.946808
44.310001,-0.004464,-1.892148,-2.877634,-3.478658
44.320001,-0.009101,-2.037647,-3.146104,-3.89517
44.330001,-0.011274,-2.131497,-3.342941,-4.186183
44.340001,-0.013108,-2.180271,-3.449076,-4.345288
44.350001,-0.015572,-2.185024,-3.470071,-4.372856
44.360001,-0.014407,-2.15152,-3.408042,-4.262333
44.370001,-0.014123,-2.077482,-3.256963,-4.018413
44.380001,-0.009069,-1.954052,-3.019896,-3.655534
44.390001,-0.007134,-1.796702,-2.704128,-3.178923
44.400001,-0.001734,-1.594249,-2.320421,-2.606547
44.41,0.003623,-1.3362,-1.86863,-1.949033
44.42,0.009124,-1.018383,-1.361909,-1.229892
44.43,0.013321,-0.645555,-0.816348,-0.463006
44.44,0.01409,-0.263779,-0.247627,0.335697
44.45,0.01366,0.147115,0.34362,1.154985
44.46,0.010009,0.546956,0.954618,1.975755
44.47,0.00673,0.94994,1.578565,2.789687
44.48,0.004485,1.315411,2.190154,3.584013
44.49,0.004178,1.663932,2.770926,4.340933
44.5,0.005247,1.966403,3.293564,5.046647
44.51,0.003021,2.24061,3.759242,5.688295
44.52,0.003185,2.473201,4.157576,6.250472
44.530001,-0.002083,2.669795,4.49056,6.712447
44.540001,-0.002177,2.817846,4.7432,7.066451
44.550001,-0.004071,2.920461,4.908104,7.30856
44.560001,-0.001364,2.985152,4.988637,7.436482
44.570001,-0.001636,3.009697,4.987839,7.441878
44.580001,-0.000236,2.980075,4.908464,7.326372
44.590001,-0.001045,2.905492,4.753044,7.094842
44.600001,-0.002526,2.771043,4.515556,6.748599
44.610001,-0.004504,2.581343,4.21245,6.304127
44.620001,-0.004198,2.332813,3.838596,5.77232
44.630001,-0.002578,2.044437,3.401157,5.16946
44.640001,-0.001025,1.727774,2.90269,4.502201
44.650001,-0.004021,1.390281,2.348159,3.788974
44.66,-0.005483,1.031185,1.753179,3.047916
44.67,-0.009535,0.669796,1.145854,2.29022
44.68,-0.005419,0.302499,0.550613,1.518958
44.69,-0.00299,-0.044614,-0.023699,0.753105
44.7,0.001575,-0.390919,-0.570931,0.00086
44.71,-0.000004,-0.707139,-1.074292,-0.722631
44.72,0.002063,-1.013922,-1.522058,-1.409604
44.73,0.002268,-1.275441,-1.906211,-2.041761
44.74,0.004053,-1.497916,-2.238253,-2.597484
44.75,0.004862,-1.655723,-2.506711,-3.06117
44.76,0.007282,-1.76999,-2.713665,-3.413438
44.77,0.007719,-1.840007,-2.859068,-3.648815
44.780001,0.006309,-1.869376,-2.943856,-3.756962
44.790001,0.005243,-1.854688,-2.964759,-3.732818
44.800001,0.005842,-1.80134,-2.909806,-3.588437
44.810001,0.008125,-1.727079,-2.779992,-3.327021
44.820001,0.009522,-1.624911,-2.563584,-2.968452
44.830001,0.012238,-1.490139,-2.271871,-2.510056
44.840001,0.011176,-1.295274,-1.892768,-1.974016
44.850001,0.009938,-1.061148,-1.469821,-1.376796
44.860001,0.006903,-0.783649,-0.99321,-0.728918
44.870001,0.006327,-0.471505,-0.493972,-0.048278
44.880001,0.006757,-0.120672,0.031923,0.665716
44.890001,0.007833,0.252137,0.560006,1.395928
44.900001,0.009588,0.63216,1.093387,2.13296
44.91,0.0092,1.002959,1.627845,2.863
44.92,0.010101,1.343964,2.154905,3.568375
44.93,0.009123,1.651398,2.655994,4.235923
44.94,0.007338,1.908257,3.119722,4.848437
44.95,0.00147,2.125498,3.536362,5.395951
44.96,-0.002962,2.295262,3.895327,5.870925
44.97,-0.002083,2.442269,4.179993,6.260625
44.98,0.000889,2.562937,4.393568,6.554889
44.99,0.003678,2.653528,4.522192,6.746812
45,0.002242,2.713672,4.569981,6.833411
45.01,-0.000799,2.733119,4.527283,6.815798
45.02,-0.006955,2.710427,4.41657,6.684761
45.030001,-0.009201,2.629382,4.243772,6.445035
45.040001,-0.009116,2.493663,4.01234,6.098729
45.050001,-0.00645,2.304666,3.728287,5.666876
45.060001,-0.007866,2.069911,3.384191,5.157704
45.070001,-0.012175,1.792066,2.995779,4.590659
45.080001,-0.012768,1.493554,2.546077,3.974741
45.090001,-0.013451,1.171941,2.044383,3.32155
45.100001,-0.013295,0.85554,1.498258,2.646924
45.110001,-0.013842,0.525834,0.939382,1.956671
45.120001,-0.014467,0.213728,0.396217,1.267292
45.130001,-0.013388,-0.093448,-0.128045,0.587757
45.140001,-0.01233,-0.387197,-0.622901,-0.071876
45.150001,-0.009719,-0.665093,-1.067722,-0.700103
45.16,-0.004115,-0.927377,-1.45671,-1.293639
45.17,-0.002968,-1.163498,-1.777786,-1.831938
45.18,-0.003586,-1.366145,-2.043718,-2.307001
45.19,-0.005888,-1.521856,-2.249489,-2.702766
45.2,-0.007181,-1.619638,-2.407839,-3.000475
45.21,-0.006419,-1.663828,-2.51668,-3.186442
45.22,-0.007478,-1.662194,-2.566103,-3.251879
45.23,-0.008295,-1.62212,-2.557147,-3.205462
45.24,-0.009591,-1.547329,-2.484874,-3.038401
45.25,-0.011946,-1.446486,-2.335868,-2.770572
45.26,-0.01135,-1.31057,-2.121893,-2.407783
45.27,-0.01352,-1.151834,-1.825697,-1.96821
45.280001,-0.013365,-0.969872,-1.478989,-1.459318
45.290001,-0.016347,-0.772311,-1.067765,-0.893639
45.300001,-0.014944,-0.533292,-0.627256,-0.288927
45.310001,-0.011226,-0.26115,-0.16587,0.354374
45.320001,-0.01008,0.051557,0.304771,1.018426
45.330001,-0.01006,0.368908,0.777286,1.701424
45.340001,-0.010383,0.712932,1.252145,2.381485
45.350001,-0.009871,1.045726,1.719621,3.045407
45.360001,-0.008809,1.361298,2.172186,3.673352
45.370001,-0.008313,1.635688,2.599087,4.258042
45.380001,-0.006856,1.864994,3.001874,4.786344
45.390001,-0.010509,2.047333,3.364919,5.244998
45.400001,-0.013036,2.186944,3.688182,5.624573
45.41,-0.016452,2.295914,3.945089,5.924877
45.42,-0.018298,2.385726,4.12943,6.13879
45.43,-0.021719,2.452761,4.228828,6.265928
45.44,-0.025171,2.496517,4.244056,6.302915
45.45,-0.029342,2.504155,4.177613,6.249332
45.46,-0.030173,2.467671,4.039557,6.103893
45.47,-0.027513,2.377491,3.838259,5.86353
45.48,-0.020911,2.241266,3.590864,5.53667
45.49,-0.017386,2.048025,3.296156,5.125854
45.5,-0.015693,1.808383,2.965913,4.646611
45.51,-0.01626,1.537838,2.593309,4.109949
45.52,-0.016616,1.243228,2.177956,3.534965
45.530001,-0.016467,0.939626,1.718848,2.933313
45.540001,-0.020057,0.640067,1.233141,2.312304
45.550001,-0.023603,0.35084,0.732153,1.680966
45.560001,-0.027034,0.086605,0.239603,1.054892
45.570001,-0.022093,-0.174507,-0.234094,0.443297
45.580001,-0.015076,-0.415721,-0.671964,-0.146046
45.590001,-0.008616,-0.653578,-1.059372,-0.709735
45.600001,-0.004994,-0.867038,-1.395512,-1.240401
45.610001,-0.00461,-1.070891,-1.665633,-1.714902
45.620001,-0.006926,-1.244408,-1.875101,-2.127611
45.630001,-0.007266,-1.387415,-2.018221,-2.4508
45.640001,-0.01114,-1.473413,-2.110394,-2.687225
45.650001,-0.011498,-1.511493,-2.166313,-2.810206
45.66,-0.012926,-1.499156,-2.1848,-2.82456
45.67,-0.011941,-1.443589,-2.162354,-2.728495
45.68,-0.011786,-1.346379,-2.091269,-2.526844
45.69,-0.016323,-1.21842,-1.960828,-2.235743
45.7,-0.017462,-1.073425,-1.750387,-1.855713
45.71,-0.021986,-0.919383,-1.471669,-1.418332
45.72,-0.018977,-0.758715,-1.122193,-0.928272
45.73,-0.019652,-0.564783,-0.740713,-0.399712
45.74,-0.016167,-0.345091,-0.319846,0.164165
45.75,-0.0158,-0.097429,0.110698,0.755583
45.76,-0.015278,0.182683,0.551772,1.366251
45.77,-0.014652,0.482498,0.99065,1.986889
45.780001,-0.018182,0.802176,1.415801,2.600484
45.790001,-0.015831,1.101095,1.834448,3.188178
45.800001,-0.014775,1.382155,2.234014,3.741633
45.810001,-0.011229,1.625832,2.610431,4.253346
45.820001,-0.01336,1.83289,2.958702,4.706802
45.830001,-0.013943,1.991891,3.275552,5.089909
45.840001,-0.012677,2.102584,3.546013,5.396754
45.850001,-0.01086,2.173818,3.758688,5.632742
45.860001,-0.011209,2.22564,3.893951,5.793013
45.870001,-0.012653,2.260879,3.955601,5.876476
45.880001,-0.012264,2.274176,3.930464,5.874613
45.890001,-0.011977,2.259508,3.827959,5.787949
45.900001,-0.008591,2.210396,3.664936,5.617211
45.91,-0.008707,2.127182,3.45207,5.361774
45.92,-0.002352,1.993587,3.196038,5.033115
45.93,-0.003135,1.809601,2.904741,4.627175
45.94,-0.000842,1.582625,2.577698,4.161559
45.95,-0.003677,1.323153,2.221386,3.64276
45.96,-0.001234,1.044221,1.829895,3.094133
45.97,0.001068,0.764666,1.406604,2.523021
45.98,0.002304,0.487474,0.965474,1.941608
45.99,-0.000244,0.23152,0.514301,1.357558
46,-0.001294,-0.010621,0.072754,0.784994
46.01,-0.002778,-0.233793,-0.345282,0.232822
46.02,0.000525,-0.445295,-0.732545,-0.28994
46.030001,0.000904,-0.651174,-1.072098,-0.781428
46.040001,0.002694,-0.829296,-1.361243,-1.22925
46.050001,-0.001397,-0.996771,-1.58634,-1.628418
46.060001,-0.003089,-1.141901,-1.751111,-1.956285
46.070001,-0.004904,-1.26269,-1.860858,-2.211285
46.080001,-0.002661,-1.333348,-1.924513,-2.376937
46.090001,-0.001189,-1.354634,-1.951823,-2.449635
46.100001,0.000754,-1.322749,-1.940064,-2.418747
46.110001,0.004799,-1.243533,-1.892485,-2.286287
46.120001,0.005922,-1.123874,-1.793121,-2.067183
46.130001,0.006735,-0.987907,-1.63207,-1.765803
46.140001,0.007676,-0.838821,-1.40819,-1.398962
46.150001,0.010651,-0.684347,-1.1228,-0.9705
46.16,0.013573,-0.506137,-0.792813,-0.499032
46.17,0.014035,-0.319932,-0.419736,0.00759
46.18,0.009181,-0.117713,-0.030253,0.542677
46.19,0.005477,0.105672,0.379598,1.102284
46.2,0.004244,0.353317,0.784355,1.673815
46.21,0.006204,0.6242,1.189912,2.243597
46.22,0.006306,0.9011,1.583103,2.802954
46.23,0.005794,1.167177,1.957852,3.342859
46.24,0.005764,1.413529,2.309009,3.83764
46.25,0.008046,1.624897,2.62427,4.282
46.26,0.008774,1.808915,2.920385,4.662064
46.27,0.011315,1.948987,3.181916,4.986775
46.280001,0.010925,2.043369,3.405066,5.228511
46.290001,0.008333,2.098018,3.568221,5.399702
46.300001,0.007684,2.127169,3.666289,5.492071
46.310001,0.007788,2.140231,3.691197,5.518198
46.320001,0.011102,2.13216,3.64872,5.469866
46.330001,0.010088,2.105965,3.535828,5.349411
46.340001,0.007089,2.045605,3.359855,5.155183
46.350001,0.00467,1.942271,3.129457,4.894995
46.360001,0.001669,1.788595,2.862539,4.562437
46.370001,0.003731,1.59553,2.565325,4.170235
46.380001,0.003479,1.376115,2.236619,3.722793
46.390001,0.003538,1.127286,1.882425,3.237559
46.400001,-0.001532,0.86003,1.50413,2.71815
46.41,-0.004031,0.587968,1.120243,2.179086
46.42,0.00011,0.326784,0.720994,1.634942
46.43,0.002639,0.089278,0.329767,1.097211
46.44,0.004302,-0.123027,-0.062636,0.570876
46.45,-0.000152,-0.315946,-0.428359,0.065629
46.46,0.000104,-0.492126,-0.771337,-0.407469
46.47,-0.000827,-0.659502,-1.067378,-0.838249
46.48,0.000513,-0.801505,-1.308938,-1.223215
46.49,0.001928,-0.927702,-1.497663,-1.555722
46.5,0.002565,-1.034298,-1.627211,-1.827985
46.51,-0.000098,-1.11883,-1.712541,-2.020648
46.52,-0.003293,-1.17048,-1.745193,-2.131191
46.530001,-0.007444,-1.177513,-1.739504,-2.14674
46.540001,-0.005769,-1.133764,-1.692678,-2.073305
46.550001,-0.004798,-1.049749,-1.601631,-1.903554
46.560001,-0.00007,-0.937257,-1.479883,-1.648534
46.570001,-0.000067,-0.806561,-1.310054,-1.326508
46.580001,0.000118,-0.65999,-1.093542,-0.94611
46.590001,-0.001525,-0.489425,-0.818628,-0.518452
46.600001,-0.001486,-0.314191,-0.502901,-0.050831
46.610001,0.000822,-0.13193,-0.158025,0.438786
46.620001,0.003389,0.056749,0.220679,0.941695
46.630001,0.003476,0.273235,0.61001,1.464585
46.640001,0.00541,0.501547,0.998713,1.994075
46.650001,0.004341,0.744417,1.371729,2.519925
46.66,0.00379,0.988156,1.735594,3.019989
46.67,-0.003497,1.228311,2.075357,3.494352
46.68,-0.007662,1.445525,2.384287,3.927246
46.69,-0.011813,1.630567,2.659166,4.314013
46.7,-0.015485,1.789639,2.908745,4.637634
46.71,-0.015037,1.907304,3.123991,4.897241
46.72,-0.016384,1.982078,3.295189,5.087772
46.73,-0.010374,2.016943,3.412796,5.211719
46.74,-0.010899,2.024369,3.473915,5.263189
46.75,-0.007284,2.011649,3.472103,5.24677
46.76,-0.011165,1.979892,3.402976,5.157974
46.77,-0.010983,1.922349,3.263707,5.008708
46.780001,-0.014199,1.837914,3.067675,4.793594
46.790001,-0.014614,1.720222,2.829146,4.513208
46.800001,-0.016509,1.574479,2.555894,4.172534
46.810001,-0.013317,1.400509,2.255206,3.775922
46.820001,-0.008523,1.188171,1.926973,3.338267
46.830001,-0.005117,0.950731,1.583952,2.863308
46.840001,-0.00161,0.702522,1.225922,2.365367
46.850001,-0.003623,0.452297,0.869724,1.856478
46.860001,-0.002337,0.218894,0.50854,1.34013
46.870001,-0.005604,0.006678,0.156639,0.833908
46.880001,-0.002361,-0.176119,-0.19099,0.346322
46.890001,-0.000111,-0.345715,-0.512388,-0.111062
46.900001,0.005062,-0.50308,-0.812569,-0.531772
46.91,0.007685,-0.642873,-1.071394,-0.91141
46.92,0.012356,-0.762192,-1.275321,-1.236283
46.93,0.014346,-0.864084,-1.425115,-1.505661
46.94,0.015768,-0.945774,-1.524452,-1.706006
46.95,0.012068,-1.006336,-1.584029,-1.835422
46.96,0.011274,-1.040165,-1.590896,-1.88263
46.97,0.010702,-1.035046,-1.552441,-1.847144
46.98,0.012638,-0.992223,-1.477089,-1.725748
46.99,0.011825,-0.911201,-1.371356,-1.528855
47,0.010931,-0.796374,-1.229331,-1.264459
47.01,0.009517,-0.654731,-1.038665,-0.93677
47.02,0.009341,-0.488882,-0.807436,-0.558454
47.030001,0.010293,-0.317755,-0.533959,-0.136473
47.040001,0.00947,-0.142085,-0.231608,0.311475
47.050001,0.008706,0.031486,0.10379,0.788928
47.060001,0.004934,0.223004,0.46161,1.282269
47.070001,0.000294,0.424501,0.833661,1.778117
47.080001,-0.004931,0.635726,1.203512,2.268457
47.090001,-0.008818,0.846354,1.564167,2.74122
47.100001,-0.006217,1.064732,1.902551,3.194965
47.110001,-0.006302,1.269998,2.213804,3.620001
47.120001,-0.006526,1.460525,2.486452,4.003142
47.130001,-0.008393,1.622489,2.718875,4.342623
47.140001,-0.007038,1.760749,2.918106,4.614974
47.150001,-0.002688,1.860761,3.084806,4.8298
47.16,0.000872,1.924613,3.215002,4.967876
47.17,0.003197,1.948106,3.293167,5.038485
47.18,0.004291,1.941237,3.315215,5.0372
47.19,0.003833,1.900373,3.280833,4.97626
47.2,0.005297,1.838454,3.18513,4.854822
47.21,0.002704,1.754139,3.033515,4.67458
47.22,-0.003266,1.657615,2.82453,4.434595
47.23,-0.005112,1.536463,2.57128,4.141547
47.24,-0.004834,1.397546,2.284482,3.801997
47.25,-0.001423,1.218925,1.965724,3.415087
47.26,-0.001606,1.012729,1.636811,2.992994
47.27,0.002375,0.778685,1.294353,2.53577
47.280001,0.004639,0.539627,0.968549,2.064404
47.290001,0.004063,0.303761,0.636683,1.579444
47.300001,0.002258,0.083312,0.31965,1.101805
47.310001,0.001399,-0.105529,-0.004256,0.635181
47.320001,0.002218,-0.27458,-0.305268,0.194342
47.330001,0.003082,-0.42529,-0.591545,-0.220193
47.340001,0.004636,-0.559809,-0.847522,-0.590876
47.350001,0.00408,-0.664646,-1.067219,-0.920291
47.360001,0.005754,-0.752282,-1.237305,-1.188561
47.370001,0.001993,-0.821978,-1.351864,-1.407145
47.380001,0.000856,-0.877357,-1.414508,-1.562866
47.390001,-0.004737,-0.912493,-1.436162,-1.651451
47.400001,-0.005005,-0.92527,-1.41704,-1.655037
47.41,-0.003585,-0.9133,-1.364087,-1.572937
47.42,-0.003413,-0.866591,-1.270739,-1.41773
47.43,-0.002157,-0.786738,-1.145371,-1.193763
47.44,-0.002978,-0.676351,-0.977201,-0.912496
47.45,-0.00495,-0.535127,-0.784464,-0.570317
47.46,-0.00632,-0.370113,-0.553997,-0.188745
47.47,-0.005822,-0.193549,-0.293202,0.230462
47.48,-0.005754,-0.017978,-0.004733,0.669539
47.49,-0.005766,0.163584,0.320006,1.12215
47.5,-0.008339,0.354602,0.65699,1.581909
47.51,-0.008249,0.548489,1.015929,2.041692
47.52,-0.007804,0.738789,1.364204,2.489905
47.530001,-0.006377,0.930764,1.703137,2.922171
47.540001,-0.007302,1.121145,2.006389,3.32494
47.550001,-0.008627,1.299032,2.277048,3.696678
47.560001,-0.013251,1.459453,2.503217,4.023728
47.570001,-0.01335,1.602195,2.693914,4.305428
47.580001,-0.016461,1.717032,2.840543,4.535853
47.590001,-0.014904,1.798814,2.953332,4.702991
47.600001,-0.017361,1.84194,3.036235,4.802386
47.610001,-0.016177,1.849318,3.084909,4.832013
47.620001,-0.017872,1.821202,3.089459,4.798769
47.630001,-0.017334,1.763405,3.037326,4.703243
47.640001,-0.017254,1.684712,2.932238,4.549558
47.650001,-0.016943,1.586635,2.772692,4.34569
47.66,-0.014714,1.477283,2.562145,4.092186
47.67,-0.01574,1.355562,2.30565,3.797132
47.68,-0.016684,1.208577,2.012888,3.462509
47.69,-0.01789,1.03617,1.69875,3.089904
47.7,-0.018742,0.838064,1.371983,2.682497
47.71,-0.017475,0.638735,1.052711,2.24438
47.72,-0.018389,0.422742,0.736843,1.788991
47.73,-0.01853,0.214154,0.434875,1.324339
47.74,-0.020368,0.014872,0.14488,0.871074
47.75,-0.020227,-0.154765,-0.130049,0.437801
47.76,-0.023058,-0.313903,-0.392456,0.03474
47.77,-0.022399,-0.455623,-0.638812,-0.329986
47.780001,-0.020608,-0.573634,-0.860212,-0.655592
47.790001,-0.01521,-0.66397,-1.045971,-0.925764
47.800001,-0.011181,-0.732784,-1.189085,-1.144573
47.810001,-0.007962,-0.788673,-1.281922,-1.296521
47.820001,-0.00617,-0.825959,-1.326776,-1.390248
47.830001,-0.002573,-0.845233,-1.328099,-1.412035
47.840001,-0.003066,-0.844713,-1.283,-1.370517
47.850001,-0.004883,-0.818367,-1.20166,-1.257805
47.860001,-0.006349,-0.762961,-1.080689,-1.084095
47.870001,-0.009716,-0.678686,-0.926965,-0.846639
47.880001,-0.007984,-0.566421,-0.749077,-0.54888
47.890001,-0.009965,-0.42426,-0.545785,-0.209097
47.900001,-0.006139,-0.262411,-0.322777,0.171549
47.91,-0.006477,-0.089956,-0.069774,0.571669
47.92,-0.009745,0.089629,0.208825,0.992899
47.93,-0.012766,0.283731,0.513552,1.422494
47.94,-0.016479,0.471865,0.841387,1.857871
47.95,-0.014664,0.654318,1.172797,2.281078
47.96,-0.014193,0.827191,1.499147,2.684669
47.97,-0.012071,1.005185,1.807999,3.065143
47.98,-0.009487,1.171217,2.086984,3.416849
47.99,-0.009839,1.321059,2.329039,3.736924
48,-0.006487,1.456971,2.524626,4.011934
48.01,-0.00827,1.573491,2.682634,4.24789
48.02,-0.005579,1.673997,2.799513,4.435682
48.030001,-0.008517,1.735684,2.881712,4.564898
48.040001,-0.007194,1.766734,2.926024,4.629099
48.050001,-0.008173,1.755701,2.937669,4.622751
48.060001,-0.009121,1.713297,2.908209,4.556302
48.070001,-0.014466,1.638934,2.837967,4.426115
48.080001,-0.017317,1.543506,2.713802,4.247414
48.090001,-0.016338,1.437846,2.53843,4.023457
48.100001,-0.012926,1.327147,2.319158,3.7574
48.110001,-0.012744,1.198311,2.057911,3.452149
48.120001,-0.012521,1.051876,1.770918,3.109008
48.130001,-0.014731,0.879442,1.460654,2.736263
48.140001,-0.015751,0.705003,1.146173,2.335631
48.150001,-0.019318,0.515348,0.839247,1.913385
48.16,-0.019993,0.314871,0.543066,1.487179
48.17,-0.02204,0.112152,0.271042,1.059202
48.18,-0.0198,-0.069605,0.008684,0.646878
48.19,-0.019873,-0.230661,-0.233046,0.259297
48.2,-0.016803,-0.378218,-0.462994,-0.096671
48.21,-0.014203,-0.507093,-0.670888,-0.412316
48.22,-0.009603,-0.601001,-0.859684,-0.683759
48.23,-0.007207,-0.659733,-1.014866,-0.907147
48.24,-0.006246,-0.69886,-1.134003,-1.073185
48.25,-0.009218,-0.72236,-1.204096,-1.182335
48.26,-0.011393,-0.737057,-1.231584,-1.224537
48.27,-0.016527,-0.735987,-1.209671,-1.204276
48.280001,-0.014089,-0.718676,-1.14686,-1.126723
48.290001,-0.014744,-0.679599,-1.038813,-0.984155
48.300001,-0.010087,-0.619389,-0.895945,-0.788423
48.310001,-0.013263,-0.526509,-0.727704,-0.533052
48.320001,-0.01053,-0.40006,-0.538429,-0.235731
48.330001,-0.012129,-0.24938,-0.325924,0.10808
48.340001,-0.011652,-0.090224,-0.092662,0.476851
48.350001,-0.015882,0.078294,0.157156,0.872919
48.360001,-0.015905,0.267321,0.428835,1.276911
48.370001,-0.015023,0.452665,0.714647,1.685254
48.380001,-0.010892,0.627751,1.013015,2.085981
48.390001,-0.014383,0.781525,1.3099,2.471852
48.400001,-0.009849,0.938071,1.607978,2.845492
48.41,-0.00546,1.090573,1.888352,3.187964
48.42,0.000771,1.230196,2.138228,3.496823
48.43,0.003536,1.351995,2.347862,3.772049
48.44,0.002163,1.457784,2.514462,4.007021
48.45,0.001136,1.54944,2.638752,4.199484
48.46,-0.005327,1.620003,2.721114,4.329392
48.47,-0.007386,1.664136,2.767883,4.408047
48.48,-0.00709,1.675061,2.781972,4.430264
48.49,-0.005483,1.654462,2.763488,4.38846
48.5,-0.007141,1.598708,2.70757,4.289344
48.51,-0.008013,1.518652,2.612756,4.134966
48.52,-0.010433,1.422883,2.472733,3.932981
48.530001,-0.013504,1.31177,2.295041,3.685417
48.540001,-0.01544,1.184097,2.069198,3.399335
48.550001,-0.016251,1.038449,1.811543,3.085106
48.560001,-0.015869,0.884295,1.525772,2.745673
48.570001,-0.0195,0.731761,1.232411,2.382349
48.580001,-0.021761,0.577575,0.943615,2.004285
48.590001,-0.021617,0.407825,0.650144,1.613822
48.600001,-0.013564,0.227466,0.37035,1.221791
48.610001,-0.008494,0.046364,0.11137,0.841929
48.620001,-0.005164,-0.110358,-0.122235,0.473748
48.630001,-0.008745,-0.257719,-0.332119,0.131093
48.640001,-0.012535,-0.391097,-0.5287,-0.188424
48.650001,-0.014891,-0.506759,-0.696727,-0.465456
48.66,-0.01686,-0.584992,-0.848331,-0.691329
48.67,-0.017798,-0.63339,-0.969672,-0.867989
48.68,-0.018695,-0.657199,-1.058914,-0.986484
48.69,-0.019682,-0.66287,-1.099055,-1.048705
48.7,-0.020261,-0.652976,-1.099127,-1.046725
48.71,-0.020255,-0.633417,-1.053792,-0.986988
48.72,-0.018562,-0.601917,-0.968428,-0.870915
48.73,-0.015949,-0.553201,-0.840953,-0.701465
48.74,-0.017896,-0.476398,-0.688941,-0.48067
48.75,-0.020304,-0.374079,-0.511814,-0.212964
48.76,-0.021274,-0.254086,-0.315087,0.096484
48.77,-0.017658,-0.123427,-0.099507,0.4336
48.780001,-0.014014,0.024483,0.128098,0.798051
48.790001,-0.010631,0.198594,0.380649,1.178422
48.800001,-0.0113,0.385723,0.640733,1.574812
48.810001,-0.011196,0.558031,0.913837,1.956945
48.820001,-0.010132,0.719952,1.180086,2.32731
48.830001,-0.006631,0.872131,1.459628,2.677987
48.840001,-0.004956,1.025299,1.731046,3.011524
48.850001,-0.003944,1.159633,1.982649,3.3107
48.860001,-0.004194,1.270582,2.196927,3.573897
48.870001,-0.009772,1.364729,2.373549,3.806682
48.880001,-0.010597,1.447831,2.507638,3.99742
48.890001,-0.010684,1.523191,2.601445,4.140578
48.900001,-0.003224,1.577978,2.656556,4.225194
48.91,-0.000477,1.607942,2.674908,4.264682
48.92,-0.000427,1.607042,2.660212,4.251934
48.93,0.00144,1.574531,2.609827,4.183262
48.94,0.001823,1.508898,2.527348,4.062014
48.95,0.007465,1.425439,2.409387,3.881881
48.96,0.007466,1.323766,2.257866,3.661683
48.97,0.009969,1.204238,2.063926,3.401877
48.98,0.010857,1.062629,1.83822,3.114173
48.99,0.012411,0.910265,1.578656,2.796234
49,0.011717,0.757336,1.305777,2.454742
49.01,0.012449,0.614875,1.027642,2.101258
49.02,0.011985,0.463278,0.74949,1.736415
49.030001,0.013336,0.305422,0.480019,1.368885
49.040001,0.013127,0.137991,0.22781,1.006522
49.050001,0.013794,-0.015478,-0.002185,0.65825
49.060001,0.013161,-0.153255,-0.209053,0.328318
49.070001,0.009659,-0.281505,-0.398772,0.018766
49.080001,0.006034,-0.396755,-0.561157,-0.253673
49.090001,0.005722,-0.495045,-0.695058,-0.484258
49.100001,0.006529,-0.565135,-0.805976,-0.659319
49.110001,0.012576,-0.604254,-0.888625,-0.782057
49.120001,0.014584,-0.615729,-0.945049,-0.847111
49.130001,0.020325,-0.607995,-0.959456,-0.864683
49.140001,0.020464,-0.582689,-0.937936,-0.828786
49.150001,0.022463,-0.545073,-0.867255,-0.742886
49.16,0.020059,-0.488396,-0.764866,-0.598645
49.17,0.02433,-0.414169,-0.62921,-0.410458
49.18,0.023275,-0.321279,-0.468713,-0.173613
49.19,0.025053,-0.220217,-0.276131,0.099252
49.2,0.019405,-0.105274,-0.068147,0.405547
49.21,0.01843,0.022997,0.150564,0.737798
49.22,0.017378,0.181726,0.385161,1.090228
49.23,0.013261,0.35312,0.62507,1.458727
49.24,0.010836,0.525757,0.870952,1.828497
49.25,0.004877,0.685823,1.116701,2.187714
49.26,0.007141,0.835552,1.369299,2.527473
49.27,0.002287,0.979751,1.618703,2.848388
49.280001,0.001559,1.111789,1.855049,3.142762
49.290001,-0.003139,1.22418,2.070892,3.404341
49.300001,-0.002597,1.31425,2.256359,3.627937
49.310001,-0.002557,1.38696,2.401594,3.814057
49.320001,-0.0005,1.447044,2.508493,3.961555
49.330001,-0.005335,1.492262,2.575005,4.060112
49.340001,-0.0076,1.520705,2.599124,4.111913
49.350001,-0.011341,1.528891,2.587026,4.116364
49.360001,-0.005696,1.512093,2.542086,4.072029
49.370001,-0.005463,1.468696,2.461293,3.971213
49.380001,-0.006372,1.401086,2.350083,3.815217
49.390001,-0.011627,1.315179,2.209919,3.618015
49.400001,-0.013778,1.202512,2.040896,3.386911
49.41,-0.015064,1.068514,1.841243,3.11894
49.42,-0.012681,0.919604,1.613218,2.825213
49.43,-0.013086,0.769382,1.372829,2.503898
49.44,-0.014344,0.628903,1.115506,2.178493
49.45,-0.014535,0.48579,0.859273,1.829244
49.46,-0.01248,0.339933,0.590387,1.48719
49.47,-0.007263,0.189407,0.338231,1.139064
49.48,-0.007774,0.046041,0.103338,0.808995
49.49,-0.008805,-0.079679,-0.103392,0.490835
49.5,-0.008625,-0.199155,-0.287424,0.205827
49.51,-0.00877,-0.312255,-0.455324,-0.05118
49.52,-0.009396,-0.415475,-0.583559,-0.275541
49.530001,-0.009297,-0.498784,-0.687875,-0.463907
49.540001,-0.007785,-0.550837,-0.764443,-0.603466
49.550001,-0.004979,-0.579652,-0.823017,-0.687572
49.560001,-0.005598,-0.581382,-0.849029,-0.718749
49.570001,-0.006123,-0.561201,-0.838563,-0.696793
49.580001,-0.008634,-0.519707,-0.792089,-0.624985
49.590001,-0.010002,-0.460579,-0.714126,-0.501691
49.600001,-0.007707,-0.384591,-0.606081,-0.335774
49.610001,-0.005149,-0.295865,-0.465454,-0.128187
49.620001,-0.002418,-0.205118,-0.289747,0.115649
49.630001,-0.001308,-0.10539,-0.096124,0.390485
49.640001,-0.002147,0.003982,0.1104,0.691202
49.650001,-0.002387,0.138349,0.328162,1.013863
49.66,-0.005155,0.292349,0.55708,1.353445
49.67,-0.002689,0.448963,0.790235,1.699348
49.68,-0.002262,0.596804,1.021126,2.042312
49.69,0.002196,0.735325,1.253261,2.373371
49.7,0.006223,0.876749,1.481638,2.684075
49.71,0.008257,1.014011,1.699874,2.973347
49.72,0.009231,1.134941,1.90593,3.230709
49.73,0.008045,1.232598,2.085563,3.456188
49.74,0.010431,1.308083,2.237193,3.639125
49.75,0.008548,1.361874,2.353004,3.789265
49.76,0.002465,1.399212,2.437735,3.897341
49.77,0.00238,1.422133,2.481176,3.961738
49.780001,0.002117,1.431836,2.483056,3.976599
49.790001,0.006006,1.429071,2.44441,3.941924
49.800001,0.000468,1.405856,2.369664,3.8557
49.810001,-0.000845,1.363755,2.269023,3.724675
49.820001,-0.000143,1.29667,2.14353,3.557567
49.830001,-0.000306,1.201898,1.990657,3.355512
49.840001,-0.002252,1.08049,1.805208,3.109478
49.850001,-0.005795,1.012518,1.70623,2.97911
